protein_variant,mighell_score,matreyek_score,predicted_class,transcript_variant,classification
M1V,-0.525997525,1.06514337490303,Benign,c.1A>G,Pathogenic
K6E,-1.623520219,1.26379869827676,Pathogenic,c.16A>G,Pathogenic
N12I,-3.293897214,0.298716907917441,Pathogenic,c.35A>T,Pathogenic
N12T,-0.321149974,1.02772901206215,Benign,c.35A>C,Pathogenic
K13Q,-0.178546379,1.00036493757133,Benign,c.37A>C,Pathogenic
K13E,-2.763671647,1.16041273250948,Pathogenic,c.37A>G,Pathogenic
R15S,-2.581100784,1.0251315149842,Pathogenic,c.45A>C,Pathogenic
R15S,-2.581100784,1.0251315149842,Pathogenic,c.45A>T,Pathogenic
R15T,-1.202348015,0.966155196017828,Benign,c.44G>C,Pathogenic
R15K,-1.649563943,1.20518009112705,Pathogenic,c.44G>A,Pathogenic
Y16D,-2.205118144,1.16691212619323,Pathogenic,c.46T>G,Pathogenic
D19V,-0.924547947,0.820660513650636,Benign,c.56A>T,Pathogenic
G20V,-0.946511289,0.70892091375341,Pathogenic,c.59G>T,Pathogenic
D22H,-0.824534445,0.837734617878385,Benign,c.64G>C,Pathogenic
L23V,-2.190944573,0.693521502434849,Pathogenic,c.67T>G,Pathogenic
D24V,-3.159554813,0.371202092913657,Pathogenic,c.71A>T,Pathogenic
D24Y,-4.140445459,0.647107290268216,Pathogenic,c.70G>T,Pathogenic
D24N,-1.549791026,0.849291645696078,Pathogenic,c.70G>A,Pathogenic
D24G,-3.647833533,0.874868539085298,Pathogenic,c.71A>G,Pathogenic
D24H,-3.602738396,,Pathogenic,c.70G>C,Pathogenic
T26I,-0.687361353,,Pathogenic,c.77C>T,Pathogenic
T26N,-0.647280484,0.42161733710288,Pathogenic,c.77C>A,Pathogenic
T26P,-4.324008353,0.13051033572119,Pathogenic,c.76A>C,Pathogenic
Y27S,-0.778782855,0.508828959489652,Pathogenic,c.80A>C,Pathogenic
Y27C,-1.648557963,0.349459352198348,Pathogenic,c.80A>G,Pathogenic
N31D,0.225696942,0.262646186425402,Pathogenic,c.91A>G,Pathogenic
M35V,-1.268664947,1.06120850439345,Pathogenic,c.103A>G,Pathogenic
M35L,-0.646829733,0.884312033427592,Benign,c.103A>C,Pathogenic
M35T,-3.116353628,0.601580782987179,Pathogenic,c.104T>C,Pathogenic
M35R,-3.381502181,0.343871147334104,Pathogenic,c.104T>G,Pathogenic
G36R,-2.69296249,0.670366063895785,Pathogenic,c.106G>A,Pathogenic
G36R,-2.69296249,0.670366063895785,Pathogenic,c.106G>C,Pathogenic
G36E,-1.797438259,,Pathogenic,c.107G>A,Pathogenic
P38L,-3.772374452,0.627175442185471,Pathogenic,c.113C>T,Pathogenic
P38R,-4.518087916,0.861585082162026,Pathogenic,c.113C>G,Pathogenic
G44D,-3.08033146,0.799232297703555,Pathogenic,c.131G>A,Pathogenic
Y46H,-2.719902783,1.10031215431775,Pathogenic,c.136T>C,Pathogenic
R47G,-2.33771605,1.02568969957949,Pathogenic,c.139A>G,Pathogenic
R47K,-1.357001423,,Pathogenic,c.140G>A,Pathogenic
N48K,-2.864235852,,Pathogenic,c.144C>A,Pathogenic
N48K,-2.864235852,,Pathogenic,c.144C>G,Pathogenic
V53A,-1.083646273,0.951014388699258,Benign,c.158T>C,Pathogenic
L57W,-4.862559182,0.173295345054726,Pathogenic,c.170T>G,Pathogenic
L57S,-3.731223711,0.239096771141433,Pathogenic,c.170T>C,Pathogenic
H61R,-3.614920533,0.191643755363924,Pathogenic,c.182A>G,Pathogenic
H61D,-3.854777694,0.234913538998994,Pathogenic,c.181C>G,Pathogenic
H64P,-3.567882344,0.23277005980004,Pathogenic,c.191A>C,Pathogenic
K66E,-1.224349565,0.254668711748758,Pathogenic,c.196A>G,Pathogenic
I67R,-3.087905564,0.219541790464059,Pathogenic,c.200T>G,Pathogenic
Y68S,-4.213745547,0.219539581505228,Pathogenic,c.203A>C,Pathogenic
Y68C,-2.732346495,0.06951562339011,Pathogenic,c.203A>G,Pathogenic
Y68H,-3.363412755,,Pathogenic,c.202T>C,Pathogenic
Y68D,-4.544045882,,Pathogenic,c.202T>G,Pathogenic
L70P,-4.265500945,,Pathogenic,c.209T>C,Pathogenic
A79T,0.216137223,0.998153851339622,Benign,c.235G>A,Benign
D92A,-3.385801663,1.04452681930451,Pathogenic,c.275A>C,Pathogenic
D92V,-4.093252107,0.751959352629466,Pathogenic,c.275A>T,Pathogenic
D92Y,-5.223486239,,Pathogenic,c.274G>T,Pathogenic
D92G,-4.193150258,0.640134050768005,Pathogenic,c.275A>G,Pathogenic
H93Y,-2.460059762,,Pathogenic,c.277C>T,Pathogenic
H93N,-0.507119121,,Pathogenic,c.277C>A,Pathogenic
H93R,0.03027781,0.816582533433714,Benign,c.278A>G,Pathogenic
H93D,-2.589693239,0.838428840139545,Pathogenic,c.277C>G,Pathogenic
P95L,-3.414242736,,Pathogenic,c.284C>T,Pathogenic
P96L,-2.479382146,0.48163979406367,Pathogenic,c.287C>T,Pathogenic
P96S,-1.697684118,,Pathogenic,c.286C>T,Pathogenic
P96Q,-1.783578257,,Pathogenic,c.287C>A,Pathogenic
P96R,-5.258634614,,Pathogenic,c.287C>G,Pathogenic
L98R,-2.774899473,0.210472803643321,Pathogenic,c.293T>G,Pathogenic
I101T,-3.108621337,,Pathogenic,c.302T>C,Pathogenic
I101N,-4.085979598,,Pathogenic,c.302T>A,Pathogenic
C105Y,-2.064656929,,Pathogenic,c.314G>A,Pathogenic
C105G,-4.83784503,0.246432436944624,Pathogenic,c.313T>G,Pathogenic
C105R,-3.786342474,0.102351191791716,Pathogenic,c.313T>C,Pathogenic
D107V,-2.85186154,0.172984054918225,Pathogenic,c.320A>T,Pathogenic
D107Y,-5.12766096,0.267447089159155,Pathogenic,c.319G>T,Pathogenic
D107G,0.115538665,0.382168132728391,Pathogenic,c.320A>G,Pathogenic
L108P,-2.942039624,0.128543874392062,Pathogenic,c.323T>C,Pathogenic
W111R,-4.104342596,0.0902285899380708,Pathogenic,c.331T>C,Pathogenic
L112P,-2.167630645,0.0804188827847682,Pathogenic,c.335T>C,Pathogenic
L112R,-3.545213145,0.113027107957011,Pathogenic,c.335T>G,Pathogenic
H118P,-1.593232261,,Pathogenic,c.353A>C,Pathogenic
V119L,-0.797882566,0.411850842182345,Pathogenic,c.355G>C,Pathogenic
A121T,-0.372459037,0.338048905479989,Pathogenic,c.361G>A,Pathogenic
A121E,-1.670612264,0.240164364576751,Pathogenic,c.362C>A,Pathogenic
H123Y,-4.544401444,,Pathogenic,c.367C>T,Pathogenic
H123Q,-1.32074253,,Pathogenic,c.369C>G,Pathogenic
H123R,-3.834466422,0.407828388074956,Pathogenic,c.368A>G,Pathogenic
H123D,-4.345802175,,Pathogenic,c.367C>G,Pathogenic
C124Y,-2.04890389,0.507867404039742,Pathogenic,c.371G>A,Pathogenic
C124W,-2.093467367,0.439363303882131,Pathogenic,c.372T>G,Pathogenic
C124S,-4.895642909,1.13746760599211,Pathogenic,c.370T>A,Pathogenic
C124S,-4.895642909,1.13746760599211,Pathogenic,c.371G>C,Pathogenic
C124G,-2.588597119,0.816647893296581,Pathogenic,c.370T>G,Pathogenic
C124R,-4.451413313,0.280032695674395,Pathogenic,c.370T>C,Pathogenic
K125R,-0.250080581,0.918848929356298,Benign,c.374A>G,Pathogenic
A126V,-1.740052172,,Pathogenic,c.377C>T,Pathogenic
A126T,-1.935588405,1.01959242149309,Pathogenic,c.376G>A,Pathogenic
A126P,-2.314319604,,Pathogenic,c.376G>C,Pathogenic
A126D,-1.027466629,,Pathogenic,c.377C>A,Pathogenic
G127R,-2.233006121,0.490890563241277,Pathogenic,c.379G>C,Pathogenic
G127R,-2.233006121,0.490890563241277,Pathogenic,c.379G>A,Pathogenic
G127E,-2.689587253,,Pathogenic,c.380G>A,Pathogenic
K128N,-1.417249179,,Pathogenic,c.384G>C,Pathogenic
K128R,-1.499151584,,Pathogenic,c.383A>G,Pathogenic
K128E,-2.736505004,,Pathogenic,c.382A>G,Pathogenic
G129V,-4.18816073,0.541607665135278,Pathogenic,c.386G>T,Pathogenic
G129V,-4.18816073,0.541607665135278,Pathogenic,c.386_387delinsTT,Pathogenic
G129R,-1.477588499,0.488615062431636,Pathogenic,c.385G>C,Pathogenic
G129R,-1.477588499,0.488615062431636,Pathogenic,c.385G>A,Pathogenic
G129E,-5.409763516,0.755334938294823,Pathogenic,c.386G>A,Pathogenic
R130L,-3.098140476,1.19384659313195,Pathogenic,c.389G>T,Pathogenic
R130Q,-2.04016411,,Pathogenic,c.389G>A,Pathogenic
R130G,-2.13842062,1.08519791687069,Pathogenic,c.388C>G,Pathogenic
R130P,-3.153431338,1.15629126640123,Pathogenic,c.389G>C,Pathogenic
T131I,-1.91132903,0.72384315974061,Pathogenic,c.392C>T,Pathogenic
G132V,-4.003127305,,Pathogenic,c.395G>T,Pathogenic
G132S,-3.502956373,,Pathogenic,c.394G>A,Pathogenic
G132D,-3.361888951,,Pathogenic,c.395G>A,Pathogenic
M134I,-1.711118421,0.566351498808271,Pathogenic,c.402G>C,Pathogenic
M134I,-1.711118421,0.566351498808271,Pathogenic,c.402G>T,Pathogenic
M134T,-1.474679661,0.375403601026661,Pathogenic,c.401T>C,Pathogenic
M134R,-3.797569367,0.308214565928125,Pathogenic,c.401T>G,Pathogenic
I135V,-0.073569185,,Pathogenic,c.403A>G,Pathogenic
I135K,-3.487411871,0.162758154658415,Pathogenic,c.404T>A,Pathogenic
C136Y,-2.444459068,,Pathogenic,c.407G>A,Pathogenic
C136R,-4.785818379,0.167416316287957,Pathogenic,c.406T>C,Pathogenic
H141L,-0.419802933,0.300202898003375,Pathogenic,c.422A>T,Pathogenic
H141P,-4.001333421,0.133314163298692,Pathogenic,c.422A>C,Pathogenic
Y155S,-3.248873831,,Pathogenic,c.464A>C,Pathogenic
Y155N,-2.937085175,0.276691552411217,Pathogenic,c.463T>A,Pathogenic
Y155C,-2.26881194,,Pathogenic,c.464A>G,Pathogenic
Y155H,-2.411619138,,Pathogenic,c.463T>C,Pathogenic
R159M,-4.004145899,,Pathogenic,c.476G>T,Pathogenic
R159S,-3.654776807,,Pathogenic,c.477G>T,Pathogenic
R159G,-4.311654205,0.923288945760368,Pathogenic,c.475A>G,Pathogenic
R159K,-3.061396727,,Pathogenic,c.476G>A,Pathogenic
T160I,-1.761999319,,Pathogenic,c.479C>T,Pathogenic
D162E,-0.998532169,,Pathogenic,c.486C>G,Pathogenic
G165V,-2.85626731,,Pathogenic,c.494G>T,Pathogenic
G165R,-4.228052892,,Pathogenic,c.493G>C,Pathogenic
G165R,-4.228052892,,Pathogenic,c.493G>A,Pathogenic
V166E,-2.743778793,0.307477147324223,Pathogenic,c.497T>A,Pathogenic
T167A,-0.629513369,0.751492766621676,Benign,c.499A>G,Pathogenic
T167N,-0.330359334,0.701551586375038,Benign,c.500C>A,Pathogenic
S170I,-4.483950124,,Pathogenic,c.509G>T,Pathogenic
S170N,-1.092185723,,Pathogenic,c.509G>A,Pathogenic
S170R,-3.080425155,0.286042073759003,Pathogenic,c.508A>C,Pathogenic
S170R,-3.080425155,0.286042073759003,Pathogenic,c.510T>G,Pathogenic
S170R,-3.080425155,0.286042073759003,Pathogenic,c.510T>A,Pathogenic
Q171K,-4.681661415,,Pathogenic,c.511C>A,Pathogenic
R173L,-0.498891344,,Pathogenic,c.518G>T,Pathogenic
R173C,-1.261173013,,Pathogenic,c.517C>T,Pathogenic
R173G,-3.305623693,,Pathogenic,c.517C>G,Pathogenic
R173P,-3.975385795,,Pathogenic,c.518G>C,Pathogenic
R173H,-1.338165727,,Pathogenic,c.518G>A,Pathogenic
Y174N,-2.923917577,,Pathogenic,c.520T>A,Pathogenic
Y174C,-0.207781149,,Pathogenic,c.521A>G,Pathogenic
Y177H,-1.399647945,,Pathogenic,c.529T>C,Pathogenic
L181P,-3.166683355,,Pathogenic,c.542T>C,Pathogenic
M198K,-3.968497995,,Pathogenic,c.593T>A,Pathogenic
T202I,0.104464019,0.307786925541669,Pathogenic,c.605C>T,Pathogenic
P204A,-1.675323507,0.522930965593819,Pathogenic,c.610C>G,Pathogenic
C211W,-1.002649436,,Pathogenic,c.633C>G,Pathogenic
K221E,-0.74690658,,Pathogenic,c.661A>G,Pathogenic
P246L,-1.62165261,0.267038156658359,Pathogenic,c.737C>T,Pathogenic
L247S,-1.669765892,,Pathogenic,c.740T>C,Pathogenic
V249G,-3.417011582,,Pathogenic,c.746T>G,Pathogenic
G251V,-1.876517155,,Pathogenic,c.752_753delinsTG,Pathogenic
D252V,-3.329321436,0.330856866470537,Pathogenic,c.755A>T,Pathogenic
D252G,-2.091414016,0.287563093557784,Pathogenic,c.755A>G,Pathogenic
K254T,-0.065475659,0.282426270479663,Pathogenic,c.761A>C,Pathogenic
V255E,-3.110089104,0.31129551317858,Pathogenic,c.764T>A,Pathogenic
K267N,-2.038984801,,Pathogenic,c.801G>C,Pathogenic
H272P,-3.655091225,0.320483949028954,Pathogenic,c.815A>C,Pathogenic
W274L,-3.977000261,0.306828977730936,Pathogenic,c.821G>T,Pathogenic
N276S,-1.068284933,0.340315933801628,Pathogenic,c.827A>G,Pathogenic
T277A,-0.705835287,0.289197528635449,Pathogenic,c.829A>G,Pathogenic
T277I,-2.033304123,,Pathogenic,c.830C>T,Pathogenic
T277R,-3.839319668,0.212413414092347,Pathogenic,c.830C>G,Pathogenic
S294R,-0.768912942,0.924219315363497,Benign,c.882T>G,Benign
Q298E,0.305203537,0.772931322570872,Benign,c.892C>G,Benign
D310G,-1.9190243,1.31214219489708,Pathogenic,c.929A>G,Pathogenic
D326N,-0.929151061,,Pathogenic,c.976G>A,Pathogenic
D326G,-1.710271765,,Pathogenic,c.977A>G,Pathogenic
K342N,-1.908295205,0.971595592390556,Pathogenic,c.1026G>T,Pathogenic
L345P,-4.05247018,0.190994040937337,Pathogenic,c.1034T>C,Pathogenic
P354Q,0.091060946,1.19604795349684,Benign,c.1061C>A,Benign
S360G,-0.28150236,0.978379891675762,Benign,c.1078A>G,Benign
